Date,active_kcal,total_steps,total_distance,highly_active_seconds,active_seconds,floorAscended,floorDescended,min_heart_rate,max_heart_rate,resting_heart_rate,AverageStressLevel_TOTAL,MaxStressLevel_TOTAL,activityDuration,bodybattery_highest,bodybattery_lowest,averageMonitoringEnvironmentAltitude,sweat_loss,respiration_value
2023-07-06,440.0,1489.0,3237.0,381.0,1578.0,4.23,0.0,61.0,179.0,66.0,16.0,79.0,4380.0,32.0,9.0,440.0,467.0,13.0
2023-07-07,1095.0,11853.0,9908.0,3044.0,7486.0,18.288,87.748,45.0,147.0,59.0,33.0,99.0,14940.0,96.0,10.0,522.0,903.0,13.0
2023-07-08,1451.0,8742.0,7247.0,621.0,7392.0,26.478,27.594,47.0,170.0,56.0,22.0,97.0,9900.0,85.0,14.0,544.0,1551.0,13.0
2023-07-09,1545.0,17517.0,16866.0,1872.0,9296.0,117.507,18.892,50.0,192.0,56.0,32.0,97.0,16020.0,75.0,9.0,522.0,715.0,13.0
2023-07-10,554.0,7910.0,6535.0,877.0,5805.0,16.286,9.908,50.0,140.0,56.0,21.0,85.0,10260.0,70.0,9.0,564.0,963.0,13.0
2023-07-11,367.0,9806.0,8046.0,997.0,4731.0,73.26,72.29,48.0,127.0,55.0,29.0,97.0,8880.0,89.0,16.0,504.0,,13.0
2023-07-12,627.0,7882.0,6475.0,377.0,5061.0,124.968,17.301,52.0,169.0,55.0,30.0,91.0,8460.0,61.0,7.0,522.0,431.0,13.0
2023-07-13,286.0,1347.0,1123.0,159.0,716.0,0.0,0.0,52.0,174.0,54.0,27.0,82.0,2520.0,72.0,11.0,557.0,340.0,13.0
2023-07-14,1251.0,7544.0,24913.0,713.0,6810.0,20.342,17.826,52.0,188.0,54.0,30.0,99.0,10920.0,44.0,5.0,582.0,1581.0,13.0
2023-07-15,1423.0,19416.0,17614.0,2596.0,11655.0,73.152,48.08,53.0,192.0,55.0,47.0,98.0,17280.0,59.0,5.0,563.0,353.0,13.0
2023-07-16,2377.0,3900.0,75697.0,340.0,2573.0,0.0,30.924,49.0,177.0,55.0,22.0,99.0,7080.0,86.0,5.0,601.0,3143.0,13.0
2023-07-17,1857.0,4487.0,60236.0,260.0,5500.0,0.175,0.0,50.0,172.0,55.0,32.0,99.0,8100.0,68.0,18.0,558.0,3069.0,13.0
2023-07-18,885.0,6000.0,6274.0,277.0,3955.0,6.2620000000000005,0.0,51.0,179.0,56.0,27.0,99.0,12660.0,77.0,19.0,549.0,440.0,13.0
2023-07-19,2071.0,5304.0,61208.0,268.0,5434.0,2.172,2.465,46.0,182.0,55.0,24.0,97.0,10320.0,100.0,15.0,572.0,3114.0,13.0
2023-07-20,660.0,13845.0,12354.0,2632.0,4352.0,58.648,85.794,51.0,167.0,55.0,27.0,91.0,10620.0,81.0,13.0,552.0,546.0,13.0
2023-07-21,2412.0,23903.0,21737.0,3594.0,18131.0,42.914,47.077,48.0,181.0,54.0,24.0,99.0,21840.0,97.0,16.0,544.0,1505.0,13.0
2023-07-22,1598.0,11967.0,42965.0,908.0,8499.0,36.576,20.488,58.0,167.0,55.0,41.0,100.0,11880.0,27.0,5.0,556.0,959.0,13.0
2023-07-23,1120.0,4154.0,32918.0,394.0,4051.0,0.0,2.239,44.0,179.0,54.0,18.0,99.0,6900.0,99.0,17.0,574.0,1794.0,12.0
2023-07-24,962.0,15513.0,15743.0,3735.0,4355.0,91.44,94.033,52.0,191.0,53.0,41.0,95.0,13260.0,58.0,5.0,529.0,786.0,13.0
2023-07-25,769.0,14769.0,13651.0,2480.0,5471.0,83.846,74.627,46.0,177.0,53.0,38.0,93.0,13260.0,53.0,5.0,296.0,568.0,13.0
2023-07-26,495.0,8650.0,7189.0,489.0,6409.0,7.758,6.444000000000001,51.0,163.0,54.0,35.0,90.0,10020.0,54.0,5.0,8.0,633.0,13.0
2023-07-27,976.0,11602.0,11049.0,2642.0,3454.0,64.008,60.062,51.0,182.0,54.0,32.0,100.0,7860.0,68.0,10.0,11.0,570.0,13.0
2023-07-28,1573.0,17005.0,14544.0,1631.0,15284.0,16.921,32.364,53.0,164.0,55.0,40.0,99.0,21480.0,70.0,8.0,5.0,523.0,13.0
2023-07-29,625.0,5368.0,4614.0,653.0,5185.0,0.0,12.573,52.0,153.0,55.0,29.0,93.0,10080.0,63.0,6.0,-5.0,390.0,13.0
2023-07-30,2874.0,32219.0,28337.0,6488.0,18936.0,125.953,135.472,70.0,183.0,57.0,67.0,99.0,25440.0,38.0,5.0,-17.0,1539.0,13.0
2023-07-31,826.0,11481.0,9493.0,454.0,8415.0,28.947,33.914,53.0,160.0,57.0,28.0,94.0,11040.0,68.0,5.0,11.0,762.0,13.0
2023-08-01,544.0,16823.0,13878.0,616.0,10947.0,18.731,25.391,55.0,116.0,58.0,35.0,90.0,16740.0,77.0,15.0,24.0,,13.0
2023-08-02,1384.0,16872.0,15329.0,2763.0,9466.0,85.917,71.606,53.0,188.0,58.0,29.0,92.0,15660.0,75.0,13.0,18.0,1658.0,13.0
2023-08-03,576.0,10509.0,8641.0,249.0,5999.0,23.392,38.039,53.0,169.0,59.0,40.0,100.0,11400.0,67.0,12.0,-1.0,,13.0
2023-08-04,1262.0,12189.0,10361.0,1696.0,10254.0,51.816,58.945,53.0,157.0,59.0,36.0,99.0,14940.0,67.0,11.0,2.0,1074.0,13.0
2023-08-05,700.0,9509.0,8107.0,1061.0,8080.0,23.738,39.888,56.0,148.0,60.0,41.0,93.0,13020.0,44.0,5.0,22.0,,13.0
2023-08-06,203.0,4600.0,3777.0,173.0,3103.0,8.041,11.164,55.0,118.0,60.0,36.0,93.0,6600.0,52.0,5.0,217.0,,13.0
2023-08-07,2241.0,4544.0,56651.0,226.0,7144.0,1.445,0.0,52.0,190.0,59.0,39.0,98.0,9660.0,74.0,5.0,571.0,2733.0,13.0
2023-08-08,1099.0,15376.0,14652.0,4634.0,3717.0,93.759,87.273,59.0,182.0,60.0,37.0,96.0,10080.0,42.0,5.0,575.0,1016.0,13.0
2023-08-09,1154.0,20290.0,16618.0,156.0,14635.0,73.872,29.961,57.0,148.0,60.0,43.0,97.0,18000.0,55.0,5.0,510.0,,13.0
2023-08-10,2279.0,13685.0,50450.0,1066.0,12642.0,9.144,11.724,53.0,180.0,60.0,37.0,99.0,18060.0,56.0,5.0,521.0,2708.0,13.0
2023-08-11,1473.0,14898.0,12499.0,667.0,13810.0,120.486,49.26,66.0,184.0,61.0,49.0,99.0,14640.0,17.0,5.0,632.0,765.0,13.0
2023-08-12,1990.0,8236.0,60202.0,299.0,7579.0,36.68,8.545,48.0,174.0,60.0,26.0,99.0,9360.0,87.0,23.0,675.0,2209.0,13.0
2023-08-13,1296.0,14605.0,11997.0,211.0,14541.0,62.171,21.117,51.0,160.0,60.0,36.0,99.0,18540.0,53.0,11.0,582.0,807.0,13.0
2023-08-14,1692.0,2523.0,73248.0,225.0,2323.0,0.0,0.0,51.0,188.0,60.0,25.0,96.0,6120.0,78.0,14.0,572.0,2804.0,13.0
2023-08-15,1638.0,16595.0,16620.0,4145.0,8521.0,85.562,87.812,54.0,184.0,59.0,33.0,99.0,15660.0,78.0,12.0,545.0,2755.0,13.0
2023-08-16,2183.0,10098.0,43425.0,613.0,8643.0,23.311,25.131,53.0,180.0,58.0,39.0,99.0,15240.0,57.0,5.0,503.0,1375.0,13.0
2023-08-17,1162.0,19708.0,14546.0,2006.0,13257.0,569.363,562.764,51.0,166.0,58.0,25.0,82.0,17160.0,60.0,5.0,836.0,2382.0,13.0
2023-08-18,1360.0,6983.0,9187.0,123.0,8746.0,3.048,14.297,53.0,188.0,57.0,30.0,100.0,12840.0,84.0,16.0,516.0,1545.0,13.0
2023-08-19,1625.0,11663.0,21101.0,638.0,10176.0,45.894,39.569,50.0,177.0,57.0,34.0,99.0,15120.0,61.0,9.0,525.0,404.0,13.0
2023-08-20,2368.0,13311.0,47406.0,540.0,15095.0,21.336,24.245,62.0,183.0,57.0,45.0,100.0,19320.0,26.0,5.0,558.0,2703.0,13.0
2023-08-21,1126.0,5865.0,6460.0,292.0,4416.0,6.096,4.762,49.0,182.0,57.0,21.0,100.0,11220.0,100.0,11.0,515.0,662.0,13.0
2023-08-22,991.0,9800.0,8093.0,376.0,8777.0,18.288,7.944,53.0,176.0,57.0,39.0,100.0,14820.0,79.0,10.0,623.0,1013.0,13.0
2023-08-23,1636.0,30311.0,22387.0,3788.0,17420.0,953.1,949.232,55.0,156.0,57.0,41.0,96.0,23160.0,30.0,5.0,914.0,3847.0,13.0
2023-08-24,2660.0,9093.0,41921.0,671.0,9748.0,6.096,13.449,49.0,176.0,56.0,27.0,100.0,19980.0,67.0,5.0,608.0,2543.0,13.0
2023-08-25,1440.0,17036.0,16409.0,3326.0,7223.0,78.377,81.412,51.0,187.0,56.0,37.0,99.0,13740.0,85.0,9.0,566.0,785.0,13.0
2023-08-26,2052.0,19333.0,15911.0,156.0,16603.0,124.968,78.509,69.0,171.0,57.0,62.0,100.0,18240.0,9.0,5.0,581.0,,14.0
2023-08-27,1215.0,6058.0,29270.0,453.0,7203.0,0.0,4.3870000000000005,48.0,183.0,56.0,22.0,95.0,10740.0,84.0,5.0,805.0,1925.0,13.0
2023-08-28,175.0,6699.0,5509.0,269.0,3429.0,39.881,26.497,49.0,119.0,56.0,32.0,93.0,6960.0,81.0,9.0,544.0,,13.0
2023-08-29,1587.0,22418.0,17748.0,2363.0,14825.0,472.865,462.32,51.0,165.0,56.0,34.0,93.0,21060.0,80.0,17.0,693.0,2467.0,13.0
2023-08-30,2136.0,5296.0,78638.0,387.0,4992.0,0.0,4.48,50.0,176.0,55.0,35.0,99.0,8220.0,71.0,10.0,551.0,2872.0,13.0
2023-08-31,637.0,8873.0,7304.0,498.0,6699.0,37.659,33.981,52.0,134.0,56.0,39.0,99.0,11460.0,57.0,10.0,539.0,,13.0
2023-09-01,2269.0,15503.0,13181.0,1751.0,15501.0,43.363,46.003,56.0,170.0,57.0,46.0,99.0,16980.0,44.0,5.0,557.0,693.0,13.0
2023-09-02,1888.0,19895.0,16294.0,157.0,19462.0,49.851,51.415,68.0,148.0,57.0,55.0,99.0,22140.0,18.0,5.0,509.0,1428.0,13.0
2023-09-03,1264.0,17228.0,16201.0,4046.0,5688.0,27.725,28.466,50.0,177.0,57.0,25.0,100.0,15060.0,92.0,5.0,446.0,979.0,13.0
2023-09-04,144.0,3710.0,3039.0,118.0,2405.0,19.026,16.959,53.0,132.0,57.0,28.0,90.0,4800.0,88.0,21.0,562.0,,13.0
2023-09-05,707.0,8714.0,7137.0,853.0,7139.0,13.528,10.321,50.0,154.0,57.0,38.0,99.0,15420.0,92.0,12.0,568.0,1055.0,13.0
2023-09-06,1929.0,4131.0,78323.0,316.0,3414.0,6.92,8.126,51.0,177.0,57.0,30.0,99.0,9120.0,76.0,11.0,573.0,2693.0,13.0
2023-09-07,956.0,14872.0,12180.0,84.0,13002.0,28.039,45.169,52.0,163.0,57.0,30.0,95.0,16980.0,72.0,9.0,568.0,1308.0,13.0
2023-09-08,2115.0,8613.0,65077.0,1226.0,8094.0,13.037,2.461,51.0,183.0,56.0,28.0,99.0,12660.0,79.0,19.0,516.0,2008.0,14.0
2023-09-09,1749.0,17359.0,15660.0,3120.0,11650.0,6.096,51.766,64.0,186.0,56.0,65.0,99.0,17760.0,66.0,6.0,539.0,584.0,13.0
2023-09-10,1500.0,15473.0,30307.0,338.0,15260.0,28.987,26.546,55.0,171.0,57.0,36.0,98.0,18840.0,34.0,5.0,553.0,1421.0,13.0
2023-09-11,1241.0,16725.0,14928.0,2884.0,7893.0,52.621,82.355,47.0,167.0,56.0,21.0,99.0,13380.0,100.0,15.0,536.0,1417.0,13.0
2023-09-12,744.0,9060.0,7529.0,612.0,8258.0,3.757,0.0,49.0,135.0,56.0,32.0,99.0,14460.0,93.0,18.0,532.0,,13.0
2023-09-13,984.0,12301.0,10143.0,879.0,8874.0,33.528,46.895,49.0,150.0,56.0,30.0,99.0,13380.0,91.0,17.0,549.0,1331.0,13.0
2023-09-14,1293.0,7904.0,41508.0,1034.0,5777.0,4.208,50.562,48.0,171.0,55.0,31.0,99.0,9780.0,92.0,13.0,559.0,837.0,13.0
2023-09-15,956.0,15492.0,12695.0,770.0,11400.0,61.916,7.793,54.0,147.0,56.0,43.0,99.0,19740.0,39.0,5.0,591.0,915.0,13.0
2023-09-16,2239.0,29525.0,21055.0,2037.0,20911.0,1137.669,1075.499,53.0,176.0,55.0,43.0,99.0,24120.0,38.0,5.0,1544.0,2662.0,13.0
2023-09-17,1682.0,16759.0,15309.0,3575.0,14921.0,41.905,42.959,68.0,151.0,55.0,61.0,100.0,19080.0,15.0,5.0,1420.0,,14.0
2023-09-18,496.0,6149.0,5077.0,270.0,5638.0,7.478,17.301,51.0,144.0,56.0,26.0,93.0,11220.0,78.0,5.0,1087.0,833.0,13.0
2023-09-19,1396.0,8835.0,58703.0,948.0,4464.0,38.445,37.969,53.0,180.0,57.0,33.0,96.0,10620.0,83.0,12.0,502.0,1444.0,13.0
2023-09-20,1156.0,14937.0,12280.0,2330.0,8850.0,57.912,37.034,52.0,158.0,57.0,36.0,99.0,18120.0,63.0,10.0,471.0,1015.0,13.0
2023-09-21,932.0,11648.0,17469.0,1227.0,6864.0,29.796,31.739,51.0,168.0,58.0,34.0,99.0,16980.0,51.0,7.0,503.0,1108.0,13.0
2023-09-22,1130.0,13801.0,11412.0,2449.0,7988.0,41.096,30.251,51.0,144.0,58.0,38.0,99.0,18240.0,70.0,5.0,461.0,979.0,13.0
2023-09-23,2002.0,23626.0,19688.0,3169.0,17666.0,88.392,97.412,61.0,153.0,58.0,51.0,100.0,22020.0,14.0,5.0,429.0,770.0,13.0
2023-09-24,1299.0,11496.0,19684.0,3373.0,2915.0,44.535,52.52,49.0,171.0,57.0,22.0,99.0,12240.0,97.0,5.0,456.0,884.0,13.0
2023-09-25,897.0,10053.0,15681.0,1083.0,6405.0,19.826,31.695,49.0,161.0,57.0,28.0,99.0,14100.0,90.0,23.0,497.0,1183.0,13.0
2023-09-26,1237.0,8932.0,40704.0,1385.0,4482.0,34.233,26.254,55.0,180.0,58.0,45.0,100.0,12180.0,87.0,12.0,499.0,839.0,13.0
2023-09-27,936.0,16117.0,14643.0,2827.0,7556.0,83.653,58.654,54.0,185.0,57.0,41.0,97.0,16080.0,62.0,5.0,490.0,465.0,13.0
2023-09-28,1553.0,16616.0,20368.0,1654.0,11775.0,57.912,44.964,55.0,183.0,58.0,37.0,98.0,18600.0,47.0,5.0,474.0,1234.0,13.0
2023-09-29,1290.0,15884.0,18214.0,997.0,11989.0,54.909,44.038,57.0,157.0,58.0,41.0,100.0,18000.0,24.0,5.0,494.0,317.0,13.0
2023-09-30,659.0,8414.0,10669.0,1239.0,3353.0,32.716,28.509,50.0,165.0,57.0,31.0,99.0,11400.0,78.0,5.0,540.0,208.0,13.0
2023-10-01,1968.0,30128.0,22002.0,2359.0,21867.0,1038.437,1027.239,50.0,162.0,58.0,34.0,94.0,25680.0,68.0,12.0,1045.0,4600.0,13.0
2023-10-02,867.0,11949.0,9813.0,1487.0,8247.0,98.833,70.093,56.0,158.0,59.0,33.0,95.0,15720.0,83.0,19.0,534.0,1123.0,13.0
2023-10-03,1120.0,6877.0,40757.0,942.0,3177.0,49.569,33.545,51.0,176.0,58.0,32.0,95.0,7860.0,69.0,8.0,525.0,889.0,13.0
2023-10-04,1063.0,11115.0,9103.0,1154.0,8745.0,85.981,72.881,52.0,152.0,58.0,33.0,99.0,13800.0,73.0,6.0,514.0,836.0,13.0
2023-10-05,469.0,10210.0,8362.0,585.0,6355.0,66.442,60.342,55.0,125.0,58.0,43.0,95.0,12360.0,36.0,5.0,504.0,,13.0
2023-10-06,990.0,11944.0,9856.0,772.0,9177.0,91.44,68.136,51.0,165.0,57.0,23.0,96.0,14220.0,57.0,5.0,524.0,1299.0,13.0
2023-10-07,430.0,6428.0,5265.0,288.0,5818.0,2.339,10.973,73.0,120.0,58.0,72.0,98.0,6660.0,30.0,5.0,537.0,,14.0
2023-10-08,1414.0,,15034.0,,,,,,,,,,,,,,3266.0,
2023-10-09,833.0,9761.0,7994.0,1321.0,7164.0,69.206,44.566,61.0,155.0,59.0,33.0,99.0,12240.0,84.0,12.0,534.0,1156.0,13.0
2023-10-10,1396.0,8679.0,50307.0,550.0,5119.0,55.276,37.175,53.0,171.0,58.0,28.0,93.0,10020.0,75.0,8.0,522.0,1148.0,13.0
2023-10-11,893.0,12748.0,10452.0,1318.0,8313.0,123.705,76.675,51.0,149.0,59.0,31.0,97.0,13800.0,75.0,8.0,527.0,900.0,13.0
2023-10-12,838.0,12191.0,9608.0,2306.0,5865.0,93.131,87.626,49.0,170.0,58.0,27.0,98.0,12600.0,76.0,14.0,524.0,1037.0,13.0
2023-10-13,583.0,8542.0,7079.0,1031.0,5496.0,40.243,57.378,52.0,153.0,58.0,28.0,91.0,11100.0,76.0,17.0,543.0,635.0,13.0
2023-10-14,312.0,9863.0,8186.0,872.0,4976.0,6.38,13.065,65.0,122.0,58.0,59.0,92.0,13020.0,59.0,10.0,539.0,,13.0
2023-10-15,612.0,6537.0,5412.0,549.0,5677.0,7.565,21.623,51.0,149.0,58.0,33.0,91.0,11760.0,75.0,5.0,566.0,1164.0,13.0
2023-10-16,970.0,12675.0,10648.0,1125.0,7519.0,45.72,47.447,50.0,150.0,56.0,28.0,96.0,15600.0,93.0,15.0,559.0,775.0,13.0
2023-10-17,443.0,9795.0,8022.0,1359.0,6228.0,65.233,53.982,50.0,127.0,56.0,33.0,90.0,14460.0,52.0,6.0,477.0,,13.0
2023-10-18,1037.0,12268.0,10373.0,2304.0,8146.0,77.209,89.621,53.0,153.0,57.0,32.0,98.0,17880.0,62.0,5.0,483.0,1063.0,13.0
2023-10-19,485.0,10417.0,8583.0,1685.0,4818.0,91.769,78.703,53.0,140.0,57.0,37.0,98.0,14880.0,46.0,5.0,524.0,,13.0
2023-10-20,998.0,13964.0,11543.0,1340.0,9668.0,67.538,106.835,68.0,140.0,60.0,54.0,100.0,19920.0,12.0,5.0,618.0,,13.0
2023-10-21,645.0,8565.0,7310.0,904.0,4485.0,20.407,49.455,51.0,149.0,59.0,36.0,99.0,17460.0,82.0,5.0,510.0,,13.0
2023-10-22,2101.0,10059.0,48347.0,894.0,10373.0,74.269,81.289,51.0,177.0,59.0,28.0,96.0,13920.0,87.0,8.0,449.0,2228.0,12.0
2023-10-23,836.0,9332.0,7702.0,1209.0,7459.0,95.645,60.547,49.0,167.0,59.0,35.0,97.0,12300.0,70.0,10.0,427.0,1176.0,13.0
2023-10-24,964.0,11410.0,9349.0,2109.0,5933.0,71.121,71.239,52.0,161.0,59.0,36.0,90.0,11460.0,55.0,6.0,415.0,972.0,13.0
2023-10-25,985.0,9009.0,7424.0,1047.0,7088.0,67.056,48.54,52.0,160.0,59.0,39.0,99.0,12120.0,63.0,6.0,444.0,914.0,13.0
2023-10-26,429.0,7465.0,6114.0,1302.0,3714.0,39.624,38.655,48.0,153.0,58.0,49.0,95.0,10500.0,78.0,17.0,434.0,,13.0
2023-10-27,750.0,12028.0,10082.0,1000.0,9287.0,58.354,84.171,57.0,150.0,56.0,43.0,98.0,16980.0,29.0,5.0,381.0,,13.0
2023-10-28,1104.0,13888.0,11691.0,1448.0,9456.0,40.3,52.145,52.0,173.0,56.0,32.0,99.0,14820.0,80.0,5.0,328.0,1110.0,13.0
2023-10-29,1769.0,17046.0,22761.0,3392.0,10253.0,178.649,157.183,52.0,183.0,56.0,40.0,97.0,19560.0,78.0,6.0,466.0,1801.0,14.0
2023-10-30,925.0,9662.0,7957.0,829.0,7599.0,29.512,41.931,52.0,181.0,57.0,34.0,96.0,13440.0,38.0,5.0,438.0,1304.0,14.0
2023-10-31,862.0,11552.0,9965.0,2353.0,5628.0,74.076,72.213,53.0,174.0,57.0,30.0,94.0,14160.0,60.0,5.0,393.0,1105.0,14.0
2023-11-01,923.0,11652.0,9650.0,1465.0,7620.0,82.73,77.866,52.0,159.0,58.0,44.0,97.0,12660.0,78.0,13.0,446.0,978.0,14.0
2023-11-02,26.0,784.0,692.0,370.0,0.0,14.586,17.561,63.0,102.0,,-1.0,,420.0,13.0,13.0,593.0,,18.0
2023-11-03,815.0,5078.0,4211.0,828.0,4410.0,9.144,13.688,65.0,182.0,58.0,69.0,92.0,5460.0,85.0,21.0,538.0,1248.0,15.0
2023-11-04,0.0,,,0.0,0.0,0.0,0.0,,,,-1.0,,,,,597.0,,
2023-11-05,796.0,7181.0,6076.0,693.0,6898.0,11.138,15.138,57.0,161.0,61.0,51.0,93.0,15720.0,67.0,13.0,570.0,1435.0,13.0
2023-11-06,933.0,8986.0,7686.0,2579.0,5289.0,59.249,56.723,53.0,168.0,61.0,23.0,90.0,9540.0,63.0,7.0,460.0,1113.0,14.0
2023-11-07,334.0,5656.0,3502.0,679.0,4212.0,21.671,15.25,71.0,124.0,62.0,74.0,98.0,5820.0,26.0,7.0,368.0,271.0,13.0
2023-11-08,536.0,6630.0,5609.0,1843.0,2955.0,31.626,12.404,53.0,156.0,62.0,27.0,90.0,10320.0,58.0,6.0,319.0,872.0,14.0
2023-11-09,15.0,1346.0,1125.0,231.0,291.0,0.0,2.332,59.0,102.0,62.0,42.0,84.0,3720.0,29.0,16.0,333.0,,13.0
2023-11-10,573.0,5311.0,4444.0,827.0,4581.0,22.861,15.29,56.0,150.0,63.0,29.0,57.0,6060.0,80.0,24.0,312.0,1074.0,16.0
2023-11-11,879.0,5458.0,4520.0,563.0,4382.0,42.865,0.0,45.0,160.0,64.0,51.0,97.0,5760.0,67.0,31.0,309.0,1144.0,15.0
2023-11-12,805.0,10088.0,8231.0,2913.0,4013.0,15.658,17.425,53.0,173.0,64.0,33.0,85.0,12240.0,65.0,27.0,307.0,1030.0,13.0
2023-11-13,614.0,5853.0,4850.0,488.0,4837.0,14.073,6.033,56.0,172.0,64.0,27.0,84.0,7080.0,88.0,18.0,235.0,1023.0,14.0
2023-11-14,497.0,6732.0,3934.0,935.0,5512.0,15.24,2.815,50.0,147.0,63.0,11.0,94.0,7920.0,95.0,22.0,214.0,578.0,14.0
2023-11-15,666.0,6704.0,5523.0,1554.0,5082.0,38.635,19.814,37.0,161.0,65.0,53.0,83.0,7920.0,85.0,16.0,187.0,1020.0,15.0
2023-11-16,653.0,2618.0,2144.0,109.0,3383.0,5.273,0.0,52.0,163.0,63.0,19.0,83.0,4740.0,71.0,15.0,257.0,1269.0,14.0
2023-11-17,826.0,8417.0,7545.0,1642.0,4988.0,25.991,24.491,70.0,160.0,63.0,82.0,96.0,7200.0,35.0,12.0,279.0,1127.0,14.0
2023-11-18,931.0,12760.0,10480.0,220.0,10967.0,39.624,45.842,67.0,148.0,63.0,49.0,99.0,14040.0,51.0,5.0,443.0,,13.0
2023-11-19,972.0,5457.0,4544.0,250.0,6753.0,5.084,7.745,61.0,160.0,64.0,59.0,97.0,11340.0,56.0,5.0,493.0,1510.0,14.0
2023-11-20,1273.0,17938.0,15855.0,3345.0,9404.0,79.248,70.265,55.0,171.0,65.0,43.0,94.0,18480.0,77.0,14.0,511.0,1355.0,14.0
2023-11-21,191.0,4695.0,3923.0,620.0,2418.0,6.751,23.717,63.0,119.0,67.0,61.0,93.0,5520.0,83.0,18.0,551.0,,13.0
2023-11-22,526.0,5199.0,4267.0,609.0,4333.0,21.336,37.39,68.0,157.0,67.0,36.0,80.0,4260.0,86.0,17.0,531.0,973.0,13.0
2023-11-23,878.0,6233.0,5613.0,1350.0,3919.0,21.336,8.965,51.0,174.0,67.0,20.0,80.0,6420.0,72.0,12.0,565.0,1444.0,14.0
2023-11-24,600.0,6601.0,5406.0,567.0,4849.0,20.502,36.231,55.0,157.0,67.0,32.0,99.0,5460.0,12.0,6.0,616.0,,14.0
2023-11-25,251.0,5408.0,4480.0,430.0,3252.0,17.546,14.677,61.0,128.0,69.0,48.0,97.0,9240.0,34.0,12.0,570.0,,13.0
2023-11-26,1274.0,6553.0,22886.0,336.0,3647.0,20.198,12.907,50.0,174.0,67.0,26.0,99.0,6120.0,83.0,11.0,529.0,771.0,13.0
2023-11-27,849.0,8014.0,7600.0,2525.0,2527.0,36.576,39.465,50.0,182.0,65.0,25.0,81.0,4440.0,64.0,15.0,460.0,533.0,13.0
2023-11-28,453.0,6528.0,5492.0,1336.0,4907.0,7.532,12.1,32.0,146.0,63.0,20.0,60.0,6180.0,69.0,14.0,418.0,,14.0
2023-11-29,1014.0,7860.0,6473.0,380.0,5045.0,40.966,42.085,49.0,180.0,63.0,78.0,98.0,6240.0,26.0,11.0,389.0,334.0,13.0
2023-11-30,101.0,728.0,596.0,13.0,1038.0,7.966,7.232,56.0,121.0,64.0,28.0,96.0,1920.0,47.0,7.0,403.0,,13.0
2023-12-01,877.0,4306.0,3555.0,225.0,4992.0,21.336,21.674,86.0,166.0,64.0,74.0,88.0,4860.0,30.0,18.0,375.0,1443.0,14.0
2023-12-02,162.0,2759.0,2260.0,152.0,1106.0,11.441,13.053,74.0,113.0,62.0,61.0,89.0,2700.0,49.0,16.0,343.0,,13.0
2023-12-03,1309.0,9261.0,7726.0,509.0,9883.0,14.622,26.234,66.0,169.0,64.0,55.0,100.0,14880.0,66.0,13.0,376.0,943.0,13.0
2023-12-04,1045.0,6483.0,5323.0,1522.0,5616.0,28.264,46.224,53.0,165.0,65.0,32.0,99.0,6960.0,62.0,5.0,411.0,1074.0,14.0
2023-12-05,686.0,10740.0,9386.0,3144.0,1819.0,23.111,8.113,54.0,165.0,65.0,30.0,89.0,15180.0,42.0,5.0,379.0,815.0,13.0
2023-12-06,770.0,3362.0,2779.0,133.0,5390.0,0.0,2.784,61.0,158.0,65.0,63.0,93.0,7740.0,27.0,14.0,357.0,1280.0,14.0
2023-12-07,616.0,2180.0,1785.0,0.0,4155.0,3.048,0.0,80.0,168.0,72.0,-1.0,,4620.0,33.0,26.0,417.0,1181.0,15.0
2023-12-08,726.0,6935.0,6115.0,1790.0,4415.0,18.971,38.615,61.0,174.0,67.0,79.0,79.0,4800.0,39.0,29.0,366.0,1101.0,13.0
2023-12-09,1094.0,10479.0,8915.0,1200.0,10535.0,34.224,8.947,79.0,172.0,68.0,74.0,99.0,12660.0,53.0,30.0,398.0,,14.0
2023-12-10,776.0,5916.0,4856.0,195.0,7006.0,17.299,22.919,73.0,157.0,69.0,49.0,90.0,12180.0,48.0,27.0,371.0,1498.0,13.0
2023-12-11,709.0,8286.0,7861.0,0.0,0.0,14.304,34.537,78.0,78.0,74.0,-1.0,,,18.0,15.0,374.0,1125.0,14.0
2023-12-12,41.0,1159.0,949.0,206.0,550.0,3.048,2.995,64.0,108.0,76.0,38.0,93.0,3120.0,22.0,15.0,374.0,,13.0
2023-12-13,1004.0,11454.0,10373.0,1492.0,7340.0,54.864,46.408,52.0,208.0,74.0,35.0,98.0,9360.0,76.0,8.0,376.0,,13.0
2023-12-14,953.0,11555.0,9855.0,901.0,8505.0,47.123,45.849,46.0,133.0,72.0,38.0,99.0,12480.0,83.0,5.0,388.0,,13.0
2023-12-15,634.0,7409.0,6068.0,876.0,4848.0,42.928,63.299,74.0,160.0,73.0,-1.0,,3900.0,26.0,19.0,358.0,931.0,12.0
2023-12-16,0.0,,,0.0,0.0,0.0,0.0,,,,-1.0,,,,,367.0,,
2023-12-17,1080.0,8029.0,6899.0,1126.0,9334.0,9.144,13.226,78.0,160.0,73.0,75.0,100.0,12120.0,47.0,29.0,368.0,995.0,15.0
2023-12-18,904.0,9519.0,7914.0,456.0,8256.0,67.133,61.026,46.0,160.0,68.0,46.0,87.0,10380.0,84.0,17.0,388.0,1400.0,15.0
2023-12-19,768.0,5530.0,4700.0,446.0,4741.0,13.869,7.335,69.0,165.0,67.0,-1.0,,3960.0,81.0,22.0,409.0,1313.0,8.0
2023-12-20,50.0,1700.0,1392.0,297.0,546.0,2.314,5.371,68.0,100.0,,41.0,63.0,360.0,83.0,16.0,451.0,,18.0
2023-12-21,950.0,10065.0,9799.0,1685.0,5458.0,61.116,56.626,66.0,166.0,75.0,30.0,61.0,8700.0,74.0,17.0,484.0,1497.0,14.0
2023-12-22,1811.0,13458.0,11584.0,1745.0,12914.0,34.567,75.946,64.0,197.0,77.0,72.0,98.0,16200.0,61.0,10.0,452.0,893.0,13.0
2023-12-23,5.0,218.0,179.0,21.0,48.0,0.0,0.0,64.0,70.0,,11.0,11.0,,74.0,74.0,216.0,,15.0
2023-12-24,1270.0,10307.0,5421.0,1552.0,9892.0,0.0,0.0,71.0,156.0,79.0,69.0,96.0,12180.0,72.0,40.0,-120.0,1814.0,14.0
2023-12-25,589.0,9379.0,8583.0,3460.0,799.0,48.911,53.774,69.0,162.0,82.0,32.0,90.0,5640.0,35.0,24.0,-89.0,857.0,13.0
2023-12-26,670.0,8968.0,4744.0,567.0,7868.0,0.0,7.39,58.0,151.0,83.0,42.0,93.0,10680.0,77.0,16.0,2.0,824.0,13.0
2023-12-27,85.0,2736.0,2416.0,307.0,1215.0,9.368,9.121,51.0,113.0,78.0,17.0,85.0,2100.0,99.0,14.0,90.0,,16.0
2023-12-28,976.0,6713.0,5541.0,136.0,7333.0,26.163,18.571,67.0,166.0,79.0,23.0,25.0,7200.0,34.0,20.0,514.0,1582.0,18.0
2023-12-29,644.0,6434.0,5282.0,665.0,4670.0,16.48,25.935,68.0,165.0,77.0,29.0,43.0,5340.0,84.0,27.0,482.0,1104.0,15.0
2023-12-30,951.0,9891.0,8122.0,200.0,8854.0,19.388,29.591,69.0,169.0,77.0,66.0,96.0,11460.0,55.0,25.0,494.0,1093.0,14.0
2023-12-31,599.0,9159.0,7592.0,2813.0,2080.0,31.789,13.2,61.0,165.0,77.0,34.0,73.0,6240.0,50.0,36.0,569.0,511.0,15.0
2024-01-01,633.0,4712.0,3919.0,546.0,5153.0,7.197,2.077,69.0,163.0,76.0,58.0,86.0,6000.0,28.0,17.0,609.0,1241.0,13.0
2024-01-02,634.0,4522.0,3962.0,301.0,2079.0,23.625,21.968,57.0,153.0,74.0,21.0,88.0,5760.0,36.0,24.0,632.0,870.0,13.0
2024-01-03,0.0,,,0.0,0.0,0.0,0.0,,,,-1.0,,,,,605.0,,
2024-01-04,815.0,5733.0,4755.0,809.0,4774.0,21.887,47.493,60.0,163.0,83.0,47.0,92.0,6420.0,85.0,24.0,609.0,1371.0,18.0
2024-01-05,603.0,5044.0,4131.0,752.0,3254.0,47.322,23.195,45.0,177.0,93.0,43.0,85.0,3900.0,83.0,28.0,631.0,775.0,17.0
2024-01-06,0.0,,,0.0,0.0,0.0,0.0,,,,-1.0,,,,,605.0,,
2024-01-07,510.0,2605.0,2175.0,156.0,3417.0,3.449,11.634,67.0,148.0,96.0,59.0,59.0,4560.0,55.0,44.0,597.0,1077.0,14.0
2024-01-08,698.0,2256.0,1946.0,318.0,2897.0,0.0,2.863,67.0,159.0,95.0,46.0,91.0,4320.0,84.0,12.0,613.0,1207.0,14.0
2024-01-09,709.0,7792.0,3805.0,1308.0,5854.0,21.577,27.978,46.0,175.0,93.0,15.0,91.0,7140.0,79.0,12.0,531.0,900.0,17.0
2024-01-10,645.0,4812.0,3969.0,527.0,4084.0,21.336,26.981,70.0,158.0,96.0,50.0,89.0,4260.0,81.0,25.0,480.0,950.0,18.0
2024-01-11,11.0,448.0,384.0,60.0,107.0,3.73,6.223000000000001,65.0,94.0,,25.0,54.0,,28.0,19.0,493.0,,14.0
2024-01-12,528.0,4020.0,3370.0,448.0,3507.0,7.917,7.211,62.0,134.0,78.0,52.0,98.0,11280.0,87.0,26.0,913.0,,13.0
2024-01-13,752.0,6493.0,5350.0,819.0,5188.0,24.384,23.274,72.0,156.0,80.0,60.0,90.0,9060.0,64.0,46.0,503.0,1242.0,13.0
2024-01-14,0.0,,,0.0,0.0,0.0,0.0,,,,-1.0,,,,,531.0,,
2024-01-15,684.0,3035.0,2518.0,228.0,4472.0,2.302,12.72,67.0,154.0,80.0,56.0,96.0,5640.0,34.0,18.0,586.0,1117.0,14.0
2024-01-16,943.0,9431.0,4896.0,2323.0,6210.0,53.801,67.174,46.0,190.0,94.0,30.0,89.0,8760.0,84.0,20.0,575.0,1069.0,18.0
2024-01-17,753.0,6929.0,6476.0,1100.0,4922.0,21.336,2.85,48.0,167.0,95.0,37.0,82.0,6360.0,79.0,20.0,676.0,1380.0,19.0
2024-01-18,0.0,,,0.0,0.0,0.0,0.0,,,,-1.0,,,,,618.0,,
2024-01-19,901.0,8716.0,7460.0,1475.0,6408.0,42.672,47.51,54.0,166.0,104.0,37.0,91.0,8040.0,82.0,27.0,452.0,1113.0,18.0
2024-01-20,0.0,,,0.0,0.0,0.0,0.0,,,,-1.0,,,,,377.0,,
2024-01-21,895.0,4255.0,1045.0,962.0,3976.0,3.048,4.708,73.0,198.0,107.0,88.0,99.0,4380.0,41.0,18.0,392.0,1089.0,14.0
2024-01-22,736.0,6848.0,6082.0,1204.0,4998.0,35.011,36.183,75.0,166.0,111.0,50.0,54.0,5520.0,80.0,22.0,411.0,1322.0,15.0
2024-01-23,825.0,9666.0,5239.0,852.0,7565.0,41.345,52.01,68.0,186.0,103.0,56.0,92.0,8280.0,34.0,17.0,377.0,946.0,13.0
2024-01-24,603.0,6706.0,5847.0,1198.0,4064.0,38.533,25.356,71.0,160.0,104.0,39.0,39.0,4680.0,38.0,28.0,402.0,1058.0,16.0
2024-01-25,663.0,6042.0,5164.0,795.0,5122.0,32.571,21.348,71.0,171.0,102.0,54.0,95.0,8820.0,33.0,18.0,398.0,1251.0,13.0
2024-01-26,817.0,7893.0,7460.0,2004.0,5097.0,3.048,2.124,61.0,157.0,95.0,34.0,99.0,40140.0,43.0,22.0,419.0,1421.0,13.0
2024-01-27,1128.0,13187.0,5959.0,1495.0,11771.0,36.719,68.506,58.0,196.0,91.0,35.0,96.0,14820.0,74.0,37.0,423.0,1924.0,13.0
2024-01-28,91.0,1349.0,1105.0,103.0,938.0,0.0,2.951,59.0,131.0,85.0,49.0,99.0,3420.0,73.0,62.0,453.0,,13.0
2024-01-29,662.0,5958.0,5880.0,2441.0,2720.0,12.192,18.075,80.0,171.0,86.0,-1.0,,5580.0,30.0,22.0,498.0,1149.0,15.0
2024-01-30,42.0,1385.0,1134.0,265.0,491.0,18.288,10.286,65.0,105.0,,16.0,19.0,600.0,32.0,17.0,378.0,,16.0
2024-01-31,1021.0,5603.0,5135.0,1450.0,5439.0,0.0,2.95,61.0,172.0,79.0,57.0,99.0,10560.0,34.0,12.0,397.0,1272.0,14.0
2024-02-01,0.0,,,0.0,0.0,0.0,0.0,,,,-1.0,,,,,389.0,,
2024-02-02,0.0,,,0.0,0.0,0.0,0.0,,,,-1.0,,,,,385.0,,
2024-02-03,0.0,,,0.0,0.0,0.0,0.0,,,,-1.0,,,,,400.0,,
2024-02-04,0.0,,,0.0,0.0,0.0,0.0,,,,-1.0,,,,,392.0,,
2024-02-05,771.0,7112.0,6138.0,1441.0,4995.0,52.592,26.197,59.0,164.0,84.0,70.0,94.0,7260.0,35.0,19.0,418.0,1129.0,14.0
2024-02-06,755.0,7834.0,3292.0,1639.0,5652.0,7.754,14.518,66.0,178.0,93.0,31.0,51.0,7680.0,87.0,26.0,406.0,1033.0,19.0
2024-02-07,0.0,,,0.0,0.0,0.0,0.0,,,,-1.0,,,84.0,84.0,426.0,,
2024-02-08,685.0,7652.0,6356.0,702.0,6436.0,36.576,25.956,53.0,163.0,97.0,29.0,78.0,6000.0,81.0,22.0,500.0,1173.0,13.0
2024-02-09,587.0,7076.0,5945.0,727.0,5764.0,17.116,23.487,67.0,158.0,98.0,43.0,73.0,6780.0,39.0,20.0,665.0,1090.0,14.0
2024-02-10,707.0,7793.0,7029.0,2096.0,3420.0,173.863,149.4,70.0,182.0,93.0,49.0,96.0,5160.0,56.0,40.0,1535.0,455.0,13.0
2024-02-11,9.0,525.0,430.0,230.0,20.0,3.698,0.0,69.0,99.0,,37.0,56.0,60.0,56.0,38.0,994.0,,16.0
2024-02-12,811.0,6394.0,6036.0,1439.0,5003.0,16.629,20.674,83.0,174.0,93.0,78.0,99.0,6360.0,33.0,21.0,477.0,1260.0,15.0
2024-02-13,722.0,4538.0,19207.0,1161.0,2484.0,2.162,25.021,71.0,180.0,89.0,72.0,99.0,4980.0,82.0,20.0,471.0,375.0,13.0
2024-02-14,997.0,5044.0,26652.0,88.0,4924.0,16.25,2.653,67.0,176.0,90.0,63.0,82.0,5580.0,84.0,25.0,464.0,1156.0,14.0
2024-02-15,518.0,940.0,22630.0,14.0,764.0,9.144,2.029,67.0,177.0,90.0,41.0,96.0,840.0,36.0,26.0,461.0,442.0,13.0
2024-02-16,604.0,5980.0,5097.0,933.0,5232.0,22.798,19.725,67.0,146.0,92.0,35.0,48.0,5400.0,80.0,28.0,453.0,1383.0,13.0
2024-02-17,1552.0,4189.0,53540.0,310.0,3862.0,15.561,20.678,72.0,193.0,94.0,66.0,99.0,5760.0,66.0,28.0,471.0,1153.0,14.0
2024-02-18,0.0,15.0,12.0,3.0,0.0,0.0,0.0,,,,-1.0,,,,,467.0,,
2024-02-19,0.0,,,0.0,0.0,0.0,0.0,,,,-1.0,,,,,468.0,,
2024-02-20,477.0,8407.0,4975.0,602.0,6720.0,38.069,41.515,54.0,133.0,96.0,38.0,83.0,5820.0,83.0,30.0,468.0,677.0,18.0
2024-02-21,643.0,6125.0,5155.0,872.0,5271.0,20.642,13.821,65.0,156.0,95.0,27.0,52.0,6660.0,38.0,26.0,536.0,1203.0,13.0
2024-02-22,742.0,6969.0,5717.0,885.0,5337.0,48.768,52.542,57.0,176.0,93.0,23.0,48.0,5160.0,87.0,26.0,628.0,1133.0,18.0
2024-02-23,146.0,4544.0,3781.0,1348.0,936.0,51.924,36.541,55.0,106.0,84.0,32.0,66.0,1560.0,87.0,28.0,675.0,,17.0
2024-02-24,642.0,4729.0,4541.0,1076.0,3774.0,25.402,27.84,68.0,166.0,89.0,-1.0,,4260.0,65.0,43.0,631.0,1133.0,16.0
2024-02-25,1252.0,647.0,44803.0,110.0,605.0,0.0,3.057,69.0,184.0,88.0,31.0,71.0,1800.0,58.0,36.0,567.0,1131.0,14.0
2024-02-26,773.0,9272.0,8865.0,2480.0,4590.0,32.347,51.346,62.0,175.0,88.0,35.0,93.0,8100.0,82.0,21.0,462.0,1296.0,18.0
2024-02-27,712.0,798.0,23347.0,31.0,598.0,3.048,3.468,68.0,169.0,86.0,27.0,79.0,2700.0,36.0,25.0,462.0,558.0,13.0
2024-02-28,491.0,4373.0,3582.0,69.0,5064.0,9.76,16.823,61.0,145.0,84.0,33.0,69.0,6120.0,35.0,26.0,468.0,935.0,13.0
2024-02-29,0.0,,,0.0,0.0,0.0,0.0,,,,-1.0,,,,,512.0,,
2024-03-01,0.0,,,0.0,0.0,0.0,0.0,,,,-1.0,,,,,553.0,,
2024-03-02,0.0,,,0.0,0.0,0.0,0.0,,,,-1.0,,,,,582.0,,
2024-03-03,0.0,,,0.0,0.0,0.0,0.0,,,,-1.0,,,,,557.0,,
2024-03-04,0.0,,,0.0,0.0,0.0,0.0,,,,-1.0,,,,,451.0,,
2024-03-05,860.0,7094.0,6356.0,1160.0,6030.0,41.028,24.004,71.0,168.0,96.0,-1.0,,8160.0,28.0,17.0,449.0,1450.0,14.0
2024-03-06,774.0,4215.0,3452.0,854.0,2006.0,39.624,20.026,60.0,175.0,109.0,45.0,63.0,2640.0,38.0,22.0,449.0,880.0,15.0
2024-03-07,601.0,6723.0,6708.0,1835.0,4140.0,29.511,20.293,52.0,170.0,106.0,-1.0,,6060.0,29.0,15.0,491.0,1368.0,17.0
2024-03-08,0.0,,,0.0,0.0,0.0,0.0,71.0,71.0,,-1.0,,,19.0,18.0,515.0,,19.0
2024-03-09,722.0,7628.0,6993.0,950.0,6033.0,53.092,59.621,68.0,169.0,99.0,30.0,74.0,9300.0,47.0,32.0,584.0,1506.0,14.0
2024-03-10,0.0,7.0,6.0,0.0,2.0,0.0,0.0,69.0,71.0,,-1.0,,,51.0,26.0,614.0,,15.0
2024-03-11,636.0,5091.0,4213.0,207.0,6135.0,14.626,19.498,61.0,156.0,93.0,26.0,78.0,6960.0,32.0,20.0,514.0,1510.0,12.0
2024-03-12,735.0,4256.0,3675.0,1586.0,401.0,0.0,2.222,49.0,185.0,81.0,8.0,35.0,4320.0,98.0,20.0,415.0,1046.0,14.0
2024-03-13,0.0,,,0.0,0.0,0.0,0.0,,,,-1.0,,,,,445.0,,
2024-03-14,705.0,2110.0,1738.0,21.0,1948.0,0.0,16.876,74.0,168.0,71.0,52.0,81.0,3300.0,29.0,15.0,449.0,1380.0,13.0
2024-03-15,159.0,3038.0,2488.0,178.0,2033.0,3.232,4.524,59.0,140.0,70.0,38.0,91.0,3780.0,34.0,18.0,453.0,,13.0
2024-03-16,657.0,4628.0,4572.0,1023.0,4101.0,29.176,20.538,51.0,166.0,65.0,13.0,66.0,4560.0,97.0,18.0,390.0,2244.0,14.0
2024-03-17,1263.0,16263.0,15859.0,6175.0,7665.0,2.231,4.94,55.0,145.0,66.0,64.0,99.0,13920.0,53.0,26.0,299.0,,14.0
2024-03-18,674.0,4569.0,3787.0,648.0,4331.0,22.121,22.379,62.0,158.0,66.0,37.0,96.0,6540.0,33.0,19.0,310.0,969.0,14.0
2024-03-19,220.0,1731.0,1467.0,133.0,1019.0,3.274,16.899,71.0,157.0,69.0,54.0,100.0,1440.0,29.0,23.0,321.0,,14.0
2024-03-20,733.0,7135.0,7018.0,1784.0,3667.0,28.57,21.983,65.0,166.0,70.0,-1.0,,6120.0,30.0,14.0,304.0,1380.0,14.0
2024-03-21,653.0,5131.0,4202.0,316.0,4696.0,45.012,37.997,58.0,161.0,76.0,26.0,42.0,3180.0,79.0,26.0,282.0,1093.0,17.0
2024-03-22,0.0,,,0.0,0.0,0.0,0.0,,,,-1.0,,,,,342.0,,
2024-03-23,269.0,1934.0,1606.0,330.0,1302.0,21.336,17.776,63.0,156.0,81.0,53.0,100.0,3300.0,35.0,14.0,406.0,,14.0
2024-03-24,1089.0,8502.0,6012.0,1674.0,7524.0,47.204,25.113,48.0,189.0,79.0,18.0,98.0,11400.0,92.0,14.0,454.0,1787.0,14.0
2024-03-25,0.0,,,0.0,0.0,0.0,0.0,,,,-1.0,,,,,479.0,,
2024-03-26,0.0,,,0.0,0.0,0.0,0.0,,,,-1.0,,,,,583.0,,
2024-03-27,941.0,6655.0,6326.0,1637.0,4933.0,25.973,18.872,84.0,186.0,91.0,-1.0,,6420.0,38.0,25.0,589.0,1413.0,
2024-03-28,741.0,5037.0,4847.0,822.0,3993.0,30.48,8.201,68.0,182.0,74.0,47.0,93.0,7500.0,33.0,11.0,605.0,1051.0,13.0
2024-03-29,12.0,570.0,467.0,90.0,546.0,0.0,2.023,56.0,97.0,71.0,24.0,87.0,360.0,63.0,10.0,632.0,,14.0
2024-03-30,851.0,15274.0,14390.0,3910.0,4218.0,135.82,148.415,58.0,159.0,68.0,26.0,87.0,10020.0,55.0,32.0,320.0,772.0,14.0
2024-03-31,460.0,13677.0,11237.0,785.0,7327.0,141.689,136.25,57.0,136.0,70.0,32.0,96.0,10860.0,85.0,35.0,14.0,,14.0
2024-04-01,944.0,17926.0,14515.0,2103.0,9394.0,598.853,560.282,51.0,179.0,69.0,30.0,99.0,14220.0,84.0,35.0,54.0,806.0,13.0
2024-04-02,413.0,12181.0,10236.0,880.0,5954.0,139.559,77.421,54.0,127.0,67.0,26.0,96.0,9360.0,87.0,33.0,76.0,,14.0
2024-04-03,1171.0,15366.0,15167.0,5417.0,2011.0,432.816,444.621,51.0,179.0,62.0,33.0,98.0,9240.0,100.0,19.0,138.0,1182.0,14.0
2024-04-04,424.0,12002.0,10078.0,1004.0,6313.0,146.304,158.376,53.0,132.0,59.0,33.0,99.0,10800.0,61.0,17.0,112.0,,14.0
2024-04-05,597.0,19371.0,15865.0,361.0,10828.0,92.211,68.371,55.0,124.0,59.0,31.0,96.0,15960.0,75.0,20.0,120.0,,14.0
2024-04-06,632.0,17788.0,14569.0,294.0,11737.0,104.143,108.999,54.0,124.0,59.0,33.0,96.0,13680.0,73.0,20.0,288.0,,14.0
2024-04-07,1021.0,8096.0,6631.0,346.0,8211.0,14.401,5.269,57.0,167.0,59.0,39.0,91.0,12000.0,55.0,16.0,581.0,2034.0,14.0
2024-04-08,680.0,5994.0,5739.0,1531.0,2871.0,0.0,11.534,78.0,179.0,59.0,-1.0,,5160.0,32.0,16.0,583.0,1110.0,14.0
2024-04-09,679.0,8678.0,8822.0,3103.0,810.0,82.75,92.454,68.0,183.0,60.0,30.0,54.0,4320.0,32.0,20.0,505.0,840.0,14.0
2024-04-10,826.0,6052.0,5177.0,1104.0,5145.0,9.144,0.0,66.0,159.0,61.0,34.0,46.0,21720.0,79.0,18.0,457.0,1491.0,14.0
2024-04-11,1030.0,11430.0,9380.0,1375.0,7938.0,95.644,89.636,66.0,168.0,62.0,40.0,95.0,56760.0,61.0,16.0,465.0,813.0,14.0
2024-04-12,945.0,11420.0,10242.0,2395.0,5168.0,33.528,30.643,50.0,173.0,62.0,18.0,82.0,10980.0,88.0,16.0,464.0,1122.0,14.0
2024-04-13,1884.0,18728.0,17562.0,4507.0,9901.0,93.31,106.25,72.0,196.0,63.0,74.0,98.0,14340.0,51.0,13.0,465.0,1692.0,14.0
2024-04-14,1787.0,1905.0,49554.0,235.0,2965.0,0.0,5.11,77.0,185.0,63.0,76.0,100.0,4620.0,37.0,7.0,496.0,1653.0,14.0
2024-04-15,823.0,6877.0,6211.0,1306.0,5134.0,21.916,31.3,77.0,160.0,64.0,62.0,94.0,8280.0,28.0,11.0,461.0,1282.0,13.0
2024-04-16,1724.0,17492.0,38463.0,4399.0,4915.0,137.16,118.412,52.0,173.0,63.0,28.0,95.0,13560.0,78.0,10.0,454.0,1485.0,14.0
2024-04-17,126.0,1497.0,1226.0,351.0,700.0,3.327,5.138,64.0,118.0,63.0,62.0,95.0,5520.0,24.0,9.0,463.0,,13.0
2024-04-18,1700.0,7903.0,29553.0,1406.0,7609.0,36.576,46.234,54.0,182.0,62.0,28.0,99.0,9780.0,62.0,5.0,452.0,1633.0,13.0
2024-04-19,1643.0,15100.0,15201.0,4259.0,6615.0,73.924,154.739,52.0,195.0,62.0,29.0,98.0,11820.0,64.0,5.0,466.0,1964.0,14.0
2024-04-20,1090.0,1706.0,42792.0,29.0,2031.0,3.048,0.0,44.0,177.0,60.0,23.0,96.0,4500.0,72.0,5.0,461.0,837.0,13.0
2024-04-21,1696.0,16507.0,18488.0,5072.0,5801.0,37.189,121.845,71.0,192.0,60.0,49.0,98.0,10440.0,41.0,8.0,478.0,1738.0,14.0
2024-04-22,752.0,6207.0,5127.0,607.0,6171.0,36.899,30.369,53.0,145.0,59.0,20.0,85.0,12660.0,64.0,6.0,504.0,1156.0,13.0
2024-04-23,891.0,12370.0,12341.0,4706.0,296.0,107.058,114.674,63.0,183.0,60.0,30.0,76.0,5520.0,33.0,10.0,487.0,1223.0,14.0
2024-04-24,844.0,6950.0,5721.0,765.0,6002.0,29.578,19.435,50.0,165.0,58.0,25.0,89.0,11400.0,88.0,12.0,488.0,1328.0,14.0
2024-04-25,792.0,12076.0,11032.0,3315.0,3500.0,33.528,110.433,72.0,158.0,59.0,59.0,99.0,8880.0,32.0,13.0,499.0,594.0,14.0
2024-04-26,682.0,8280.0,7836.0,2427.0,2432.0,7.608,79.87,54.0,157.0,59.0,28.0,93.0,6720.0,64.0,5.0,484.0,572.0,14.0
2024-04-27,1318.0,16182.0,13347.0,449.0,14016.0,46.96,55.085,51.0,163.0,59.0,26.0,91.0,15240.0,73.0,5.0,491.0,1356.0,14.0
2024-04-28,1982.0,22546.0,22981.0,5547.0,8653.0,98.902,90.421,51.0,203.0,57.0,35.0,99.0,17520.0,91.0,13.0,454.0,966.0,14.0
2024-04-29,882.0,3452.0,2849.0,346.0,5066.0,15.24,11.063,52.0,169.0,58.0,22.0,99.0,10020.0,73.0,12.0,505.0,1021.0,14.0
2024-04-30,1191.0,11744.0,11754.0,4108.0,2366.0,73.217,157.459,85.0,177.0,57.0,72.0,98.0,6840.0,28.0,9.0,486.0,996.0,13.0
2024-05-01,1887.0,5918.0,47226.0,253.0,6614.0,3.284,13.737,51.0,185.0,58.0,23.0,96.0,8520.0,59.0,5.0,486.0,1899.0,13.0
2024-05-02,19.0,664.0,544.0,42.0,314.0,3.048,0.0,82.0,89.0,,-1.0,,60.0,5.0,5.0,480.0,,
